Student,Master
Kyp Durron,Luke Skywalker
Tionne Solusar,Luke Skywalker
Allana Solo,Leia Organa
Ulic Qel-Droma,Exar Kun
Darth Sion,Darth Traya
Ki-Adi-Mundi,Yoda
Cin Drallig,Yoda
Danni Quee,Jaina Solo
Barriss Offee,Luminara Unduli
Rosh Penin,Kyle Katarn
Oss Wilum,Exar Kun
Maris Brood,Shaak Ti
Count Dooku,Yoda
Mace Windu,Yoda
Alema Rar,Daeshara'cor
Starkiller,Rahm Kota
Jaden Korr,Kyle Katarn
Gantoris,Luke Skywalker
Aayla Secura,Quinlan Vos
Jaina Solo,Kyp Durron
Qu Rahn,Yoda
Shado Vao,Kol Skywalker
Q'Anilia,Krynda Draay
Kyp Durron,Exar Kun
Kit Fisto,Yoda
Rahm Kota,Yoda
Meetra Surik,Darth Traya
Oppo Rancisis,Yaddle
Gantoris,Exar Kun
Aleema,Exar Kun
Visas Marr,Meetra Surik
Nayama,Exar Kun
Bao-Dur,Meetra Surik
Nomi Sunrider,Arca Jeth
Tesar Sebatyne,Saba Sebatyne
Tahiri Veila,Ikrit
Leia Organa,Vima-Da-Boda
Nayama,Jolee Bindo
Tahiri Veila,Jacen Solo
Aqinos,Jaled Dur
Leia Organa,Luke Skywalker
Mara Jade,Luke Skywalker
Anakin Solo,Luke Skywalker
Anakin Solo,Mara Jade
Ulic Qel-Droma,Arca Jeth
Cay Qel-Droma,Arca Jeth
Kyle Katarn,Luke Skywalker
Kyle Katarn,Mara Jade
Jacen Solo,Luke Skywalker
Kenth Hamner,Luke Skywalker
Corran Horn,Luke Skywalker
Tan Yuster,Agen Kolar
Ben Skywalker,Luke Skywalker
Kirana Ti,Luke Skywalker
Siri Tachi,Adi Gallia
Darth Nihilus,Darth Traya
Tavion Axmis,Desann
Tahiri Veila,Corran Horn
Krynda Draay,Arca Jeth
Tott Doneeta,Arca Jeth
Mira,Meetra Surik
Cilghal,Luke Skywalker
Atton Rand,Meetra Surik
Empatojayos Brand,Yaddle
Yun,Qu Rahn
Revan,Darth Traya
Ahsoka Tano,Anakin Skywalker
Kyle Katarn,Qu Rahn
Mara Jade,Kyle Katarn
Tekli,Cilghal
Anakin Solo,Ikrit
Luke Skywalker,Yoda
Brianna,Meetra Surik
Miko Reglia,Kyp Durron
Kam Solusar,Luke Skywalker
Mical,Meetra Surik
Kyp Durron,Vima-Da-Boda
Jaina Solo,Mara Jade
Desann,Luke Skywalker
Streen,Luke Skywalker
Leia Organa,Saba Sebatyne
Wolf Sazen,Kol Skywalker
Ben Skywalker,Jacen Solo
Quinlan Vos,Tholme
Anakin Skywalker,Obi-Wan Kenobi
Krynda Draay,Vodo-Siosk Baas
Lumiya,Vergere
Darth Krayt,An'ya Kuro
Jon Antilles,An'ya Kuro
Ferus Olin,Siri Tachi
Octa Ramis,Kam Solusar
Luuke Skywalker,Joruus C'baoth
Meetra Surik,Vima Sunrider
Aayla Secura,Tholme
General Grievous,Count Dooku
Ferus Olin,Obi-Wan Kenobi
Halagad Ventor,Obi-Wan Kenobi
Darth Krayt,Sharad Hett
Quinlan Vos,Count Dooku
Vima Sunrider,Ulic Qel-Droma
Aurra Sing,Ki-Adi-Mundi
Obi-Wan Kenobi,Qui-Gon Jinn
Xanatos,Qui-Gon Jinn
Olee Starstone,Jocasta Nu
Anakin Skywalker,Ki-Adi-Mundi
Asajj Ventress,Count Dooku
Qui-Gon Jinn,Count Dooku
Savage Opress,Count Dooku
Luke Skywalker,Obi-Wan Kenobi
Darth Krayt,Ki-Adi-Mundi
Tarr Seirr,Ki-Adi-Mundi
Ki-Adi-Mundi,An'ya Kuro
Aleema,Freedon Nadd
Sora Bulq,Count Dooku
Depa Billaba,Mace Windu
Jacen Solo,Vergere
Aurra Sing,An'ya Kuro
Tol Skorr,Count Dooku
Echuu Shen-Jon,Mace Windu
Vima Sunrider,Nomi Sunrider
Jerec,Jocasta Nu
Meetra Surik,Revan
Starkiller,Darth Vader
Kanan Jarrus,Depa Billaba
Lumiya,Darth Vader
Octa Ramis,Tionne Solusar
Darth Malak,Revan
Zayne Carrick,Lucien Draay
Flint,Darth Vader
Quinlan Vos,Sora Bulq
Ahsoka Tano,Darth Vader
